"first_name","last_name","email","given_name_by_email","sur_name_by_email","email_domain"
"Jared","Ely","jared.ely@sakilacustomer.org","jared","ely","sakilacustomer.org"
"Mary","Smith","mary.smith@sakilacustomer.org","mary","smith","sakilacustomer.org"
"Patricia","Johnson","patricia.johnson@sakilacustomer.org","patricia","johnson","sakilacustomer.org"
"Linda","Williams","linda.williams@sakilacustomer.org","linda","williams","sakilacustomer.org"
"Barbara","Jones","barbara.jones@sakilacustomer.org","barbara","jones","sakilacustomer.org"
"Elizabeth","Brown","elizabeth.brown@sakilacustomer.org","elizabeth","brown","sakilacustomer.org"
"Jennifer","Davis","jennifer.davis@sakilacustomer.org","jennifer","davis","sakilacustomer.org"
"Maria","Miller","maria.miller@sakilacustomer.org","maria","miller","sakilacustomer.org"
"Susan","Wilson","susan.wilson@sakilacustomer.org","susan","wilson","sakilacustomer.org"
"Margaret","Moore","margaret.moore@sakilacustomer.org","margaret","moore","sakilacustomer.org"
"Dorothy","Taylor","dorothy.taylor@sakilacustomer.org","dorothy","taylor","sakilacustomer.org"
"Lisa","Anderson","lisa.anderson@sakilacustomer.org","lisa","anderson","sakilacustomer.org"
"Nancy","Thomas","nancy.thomas@sakilacustomer.org","nancy","thomas","sakilacustomer.org"
"Karen","Jackson","karen.jackson@sakilacustomer.org","karen","jackson","sakilacustomer.org"
"Betty","White","betty.white@sakilacustomer.org","betty","white","sakilacustomer.org"
"Helen","Harris","helen.harris@sakilacustomer.org","helen","harris","sakilacustomer.org"
"Sandra","Martin","sandra.martin@sakilacustomer.org","sandra","martin","sakilacustomer.org"
"Donna","Thompson","donna.thompson@sakilacustomer.org","donna","thompson","sakilacustomer.org"
"Carol","Garcia","carol.garcia@sakilacustomer.org","carol","garcia","sakilacustomer.org"
"Ruth","Martinez","ruth.martinez@sakilacustomer.org","ruth","martinez","sakilacustomer.org"
"Sharon","Robinson","sharon.robinson@sakilacustomer.org","sharon","robinson","sakilacustomer.org"
"Michelle","Clark","michelle.clark@sakilacustomer.org","michelle","clark","sakilacustomer.org"
"Laura","Rodriguez","laura.rodriguez@sakilacustomer.org","laura","rodriguez","sakilacustomer.org"
"Sarah","Lewis","sarah.lewis@sakilacustomer.org","sarah","lewis","sakilacustomer.org"
"Kimberly","Lee","kimberly.lee@sakilacustomer.org","kimberly","lee","sakilacustomer.org"
"Deborah","Walker","deborah.walker@sakilacustomer.org","deborah","walker","sakilacustomer.org"
"Jessica","Hall","jessica.hall@sakilacustomer.org","jessica","hall","sakilacustomer.org"
"Shirley","Allen","shirley.allen@sakilacustomer.org","shirley","allen","sakilacustomer.org"
"Cynthia","Young","cynthia.young@sakilacustomer.org","cynthia","young","sakilacustomer.org"
"Angela","Hernandez","angela.hernandez@sakilacustomer.org","angela","hernandez","sakilacustomer.org"
"Melissa","King","melissa.king@sakilacustomer.org","melissa","king","sakilacustomer.org"
"Brenda","Wright","brenda.wright@sakilacustomer.org","brenda","wright","sakilacustomer.org"
"Amy","Lopez","amy.lopez@sakilacustomer.org","amy","lopez","sakilacustomer.org"
"Anna","Hill","anna.hill@sakilacustomer.org","anna","hill","sakilacustomer.org"
"Rebecca","Scott","rebecca.scott@sakilacustomer.org","rebecca","scott","sakilacustomer.org"
"Virginia","Green","virginia.green@sakilacustomer.org","virginia","green","sakilacustomer.org"
"Kathleen","Adams","kathleen.adams@sakilacustomer.org","kathleen","adams","sakilacustomer.org"
"Pamela","Baker","pamela.baker@sakilacustomer.org","pamela","baker","sakilacustomer.org"
"Martha","Gonzalez","martha.gonzalez@sakilacustomer.org","martha","gonzalez","sakilacustomer.org"
"Debra","Nelson","debra.nelson@sakilacustomer.org","debra","nelson","sakilacustomer.org"
"Amanda","Carter","amanda.carter@sakilacustomer.org","amanda","carter","sakilacustomer.org"
"Stephanie","Mitchell","stephanie.mitchell@sakilacustomer.org","stephanie","mitchell","sakilacustomer.org"
"Carolyn","Perez","carolyn.perez@sakilacustomer.org","carolyn","perez","sakilacustomer.org"
"Christine","Roberts","christine.roberts@sakilacustomer.org","christine","roberts","sakilacustomer.org"
"Marie","Turner","marie.turner@sakilacustomer.org","marie","turner","sakilacustomer.org"
"Janet","Phillips","janet.phillips@sakilacustomer.org","janet","phillips","sakilacustomer.org"
"Catherine","Campbell","catherine.campbell@sakilacustomer.org","catherine","campbell","sakilacustomer.org"
"Frances","Parker","frances.parker@sakilacustomer.org","frances","parker","sakilacustomer.org"
"Ann","Evans","ann.evans@sakilacustomer.org","ann","evans","sakilacustomer.org"
"Joyce","Edwards","joyce.edwards@sakilacustomer.org","joyce","edwards","sakilacustomer.org"
"Diane","Collins","diane.collins@sakilacustomer.org","diane","collins","sakilacustomer.org"
"Alice","Stewart","alice.stewart@sakilacustomer.org","alice","stewart","sakilacustomer.org"
"Julie","Sanchez","julie.sanchez@sakilacustomer.org","julie","sanchez","sakilacustomer.org"
"Heather","Morris","heather.morris@sakilacustomer.org","heather","morris","sakilacustomer.org"
"Teresa","Rogers","teresa.rogers@sakilacustomer.org","teresa","rogers","sakilacustomer.org"
"Doris","Reed","doris.reed@sakilacustomer.org","doris","reed","sakilacustomer.org"
"Gloria","Cook","gloria.cook@sakilacustomer.org","gloria","cook","sakilacustomer.org"
"Evelyn","Morgan","evelyn.morgan@sakilacustomer.org","evelyn","morgan","sakilacustomer.org"
"Jean","Bell","jean.bell@sakilacustomer.org","jean","bell","sakilacustomer.org"
"Cheryl","Murphy","cheryl.murphy@sakilacustomer.org","cheryl","murphy","sakilacustomer.org"
"Mildred","Bailey","mildred.bailey@sakilacustomer.org","mildred","bailey","sakilacustomer.org"
"Katherine","Rivera","katherine.rivera@sakilacustomer.org","katherine","rivera","sakilacustomer.org"
"Joan","Cooper","joan.cooper@sakilacustomer.org","joan","cooper","sakilacustomer.org"
"Ashley","Richardson","ashley.richardson@sakilacustomer.org","ashley","richardson","sakilacustomer.org"
"Judith","Cox","judith.cox@sakilacustomer.org","judith","cox","sakilacustomer.org"
"Rose","Howard","rose.howard@sakilacustomer.org","rose","howard","sakilacustomer.org"
"Janice","Ward","janice.ward@sakilacustomer.org","janice","ward","sakilacustomer.org"
"Kelly","Torres","kelly.torres@sakilacustomer.org","kelly","torres","sakilacustomer.org"
"Nicole","Peterson","nicole.peterson@sakilacustomer.org","nicole","peterson","sakilacustomer.org"
"Judy","Gray","judy.gray@sakilacustomer.org","judy","gray","sakilacustomer.org"
"Christina","Ramirez","christina.ramirez@sakilacustomer.org","christina","ramirez","sakilacustomer.org"
"Kathy","James","kathy.james@sakilacustomer.org","kathy","james","sakilacustomer.org"
"Theresa","Watson","theresa.watson@sakilacustomer.org","theresa","watson","sakilacustomer.org"
"Beverly","Brooks","beverly.brooks@sakilacustomer.org","beverly","brooks","sakilacustomer.org"
"Denise","Kelly","denise.kelly@sakilacustomer.org","denise","kelly","sakilacustomer.org"
"Tammy","Sanders","tammy.sanders@sakilacustomer.org","tammy","sanders","sakilacustomer.org"
"Irene","Price","irene.price@sakilacustomer.org","irene","price","sakilacustomer.org"
"Jane","Bennett","jane.bennett@sakilacustomer.org","jane","bennett","sakilacustomer.org"
"Lori","Wood","lori.wood@sakilacustomer.org","lori","wood","sakilacustomer.org"
"Rachel","Barnes","rachel.barnes@sakilacustomer.org","rachel","barnes","sakilacustomer.org"
"Marilyn","Ross","marilyn.ross@sakilacustomer.org","marilyn","ross","sakilacustomer.org"
"Andrea","Henderson","andrea.henderson@sakilacustomer.org","andrea","henderson","sakilacustomer.org"
"Kathryn","Coleman","kathryn.coleman@sakilacustomer.org","kathryn","coleman","sakilacustomer.org"
"Louise","Jenkins","louise.jenkins@sakilacustomer.org","louise","jenkins","sakilacustomer.org"
"Sara","Perry","sara.perry@sakilacustomer.org","sara","perry","sakilacustomer.org"
"Anne","Powell","anne.powell@sakilacustomer.org","anne","powell","sakilacustomer.org"
"Jacqueline","Long","jacqueline.long@sakilacustomer.org","jacqueline","long","sakilacustomer.org"
"Wanda","Patterson","wanda.patterson@sakilacustomer.org","wanda","patterson","sakilacustomer.org"
"Bonnie","Hughes","bonnie.hughes@sakilacustomer.org","bonnie","hughes","sakilacustomer.org"
"Julia","Flores","julia.flores@sakilacustomer.org","julia","flores","sakilacustomer.org"
"Ruby","Washington","ruby.washington@sakilacustomer.org","ruby","washington","sakilacustomer.org"
"Lois","Butler","lois.butler@sakilacustomer.org","lois","butler","sakilacustomer.org"
"Tina","Simmons","tina.simmons@sakilacustomer.org","tina","simmons","sakilacustomer.org"
"Phyllis","Foster","phyllis.foster@sakilacustomer.org","phyllis","foster","sakilacustomer.org"
"Norma","Gonzales","norma.gonzales@sakilacustomer.org","norma","gonzales","sakilacustomer.org"
"Paula","Bryant","paula.bryant@sakilacustomer.org","paula","bryant","sakilacustomer.org"
"Diana","Alexander","diana.alexander@sakilacustomer.org","diana","alexander","sakilacustomer.org"
"Annie","Russell","annie.russell@sakilacustomer.org","annie","russell","sakilacustomer.org"
"Lillian","Griffin","lillian.griffin@sakilacustomer.org","lillian","griffin","sakilacustomer.org"
"Emily","Diaz","emily.diaz@sakilacustomer.org","emily","diaz","sakilacustomer.org"
"Robin","Hayes","robin.hayes@sakilacustomer.org","robin","hayes","sakilacustomer.org"
"Peggy","Myers","peggy.myers@sakilacustomer.org","peggy","myers","sakilacustomer.org"
"Crystal","Ford","crystal.ford@sakilacustomer.org","crystal","ford","sakilacustomer.org"
"Gladys","Hamilton","gladys.hamilton@sakilacustomer.org","gladys","hamilton","sakilacustomer.org"
"Rita","Graham","rita.graham@sakilacustomer.org","rita","graham","sakilacustomer.org"
"Dawn","Sullivan","dawn.sullivan@sakilacustomer.org","dawn","sullivan","sakilacustomer.org"
"Connie","Wallace","connie.wallace@sakilacustomer.org","connie","wallace","sakilacustomer.org"
"Florence","Woods","florence.woods@sakilacustomer.org","florence","woods","sakilacustomer.org"
"Tracy","Cole","tracy.cole@sakilacustomer.org","tracy","cole","sakilacustomer.org"
"Edna","West","edna.west@sakilacustomer.org","edna","west","sakilacustomer.org"
"Tiffany","Jordan","tiffany.jordan@sakilacustomer.org","tiffany","jordan","sakilacustomer.org"
"Carmen","Owens","carmen.owens@sakilacustomer.org","carmen","owens","sakilacustomer.org"
"Rosa","Reynolds","rosa.reynolds@sakilacustomer.org","rosa","reynolds","sakilacustomer.org"
"Cindy","Fisher","cindy.fisher@sakilacustomer.org","cindy","fisher","sakilacustomer.org"
"Grace","Ellis","grace.ellis@sakilacustomer.org","grace","ellis","sakilacustomer.org"
"Wendy","Harrison","wendy.harrison@sakilacustomer.org","wendy","harrison","sakilacustomer.org"
"Victoria","Gibson","victoria.gibson@sakilacustomer.org","victoria","gibson","sakilacustomer.org"
"Edith","Mcdonald","edith.mcdonald@sakilacustomer.org","edith","mcdonald","sakilacustomer.org"
"Kim","Cruz","kim.cruz@sakilacustomer.org","kim","cruz","sakilacustomer.org"
"Sherry","Marshall","sherry.marshall@sakilacustomer.org","sherry","marshall","sakilacustomer.org"
"Sylvia","Ortiz","sylvia.ortiz@sakilacustomer.org","sylvia","ortiz","sakilacustomer.org"
"Josephine","Gomez","josephine.gomez@sakilacustomer.org","josephine","gomez","sakilacustomer.org"
"Thelma","Murray","thelma.murray@sakilacustomer.org","thelma","murray","sakilacustomer.org"
"Shannon","Freeman","shannon.freeman@sakilacustomer.org","shannon","freeman","sakilacustomer.org"
"Sheila","Wells","sheila.wells@sakilacustomer.org","sheila","wells","sakilacustomer.org"
"Ethel","Webb","ethel.webb@sakilacustomer.org","ethel","webb","sakilacustomer.org"
"Ellen","Simpson","ellen.simpson@sakilacustomer.org","ellen","simpson","sakilacustomer.org"
"Elaine","Stevens","elaine.stevens@sakilacustomer.org","elaine","stevens","sakilacustomer.org"
"Marjorie","Tucker","marjorie.tucker@sakilacustomer.org","marjorie","tucker","sakilacustomer.org"
"Carrie","Porter","carrie.porter@sakilacustomer.org","carrie","porter","sakilacustomer.org"
"Charlotte","Hunter","charlotte.hunter@sakilacustomer.org","charlotte","hunter","sakilacustomer.org"
"Monica","Hicks","monica.hicks@sakilacustomer.org","monica","hicks","sakilacustomer.org"
"Esther","Crawford","esther.crawford@sakilacustomer.org","esther","crawford","sakilacustomer.org"
"Pauline","Henry","pauline.henry@sakilacustomer.org","pauline","henry","sakilacustomer.org"
"Emma","Boyd","emma.boyd@sakilacustomer.org","emma","boyd","sakilacustomer.org"
"Juanita","Mason","juanita.mason@sakilacustomer.org","juanita","mason","sakilacustomer.org"
"Anita","Morales","anita.morales@sakilacustomer.org","anita","morales","sakilacustomer.org"
"Rhonda","Kennedy","rhonda.kennedy@sakilacustomer.org","rhonda","kennedy","sakilacustomer.org"
"Hazel","Warren","hazel.warren@sakilacustomer.org","hazel","warren","sakilacustomer.org"
"Amber","Dixon","amber.dixon@sakilacustomer.org","amber","dixon","sakilacustomer.org"
"Eva","Ramos","eva.ramos@sakilacustomer.org","eva","ramos","sakilacustomer.org"
"Debbie","Reyes","debbie.reyes@sakilacustomer.org","debbie","reyes","sakilacustomer.org"
"April","Burns","april.burns@sakilacustomer.org","april","burns","sakilacustomer.org"
"Leslie","Gordon","leslie.gordon@sakilacustomer.org","leslie","gordon","sakilacustomer.org"
"Clara","Shaw","clara.shaw@sakilacustomer.org","clara","shaw","sakilacustomer.org"
"Lucille","Holmes","lucille.holmes@sakilacustomer.org","lucille","holmes","sakilacustomer.org"
"Jamie","Rice","jamie.rice@sakilacustomer.org","jamie","rice","sakilacustomer.org"
"Joanne","Robertson","joanne.robertson@sakilacustomer.org","joanne","robertson","sakilacustomer.org"
"Eleanor","Hunt","eleanor.hunt@sakilacustomer.org","eleanor","hunt","sakilacustomer.org"
"Valerie","Black","valerie.black@sakilacustomer.org","valerie","black","sakilacustomer.org"
"Danielle","Daniels","danielle.daniels@sakilacustomer.org","danielle","daniels","sakilacustomer.org"
"Megan","Palmer","megan.palmer@sakilacustomer.org","megan","palmer","sakilacustomer.org"
"Alicia","Mills","alicia.mills@sakilacustomer.org","alicia","mills","sakilacustomer.org"
"Suzanne","Nichols","suzanne.nichols@sakilacustomer.org","suzanne","nichols","sakilacustomer.org"
"Michele","Grant","michele.grant@sakilacustomer.org","michele","grant","sakilacustomer.org"
"Gail","Knight","gail.knight@sakilacustomer.org","gail","knight","sakilacustomer.org"
"Bertha","Ferguson","bertha.ferguson@sakilacustomer.org","bertha","ferguson","sakilacustomer.org"
"Darlene","Rose","darlene.rose@sakilacustomer.org","darlene","rose","sakilacustomer.org"
"Veronica","Stone","veronica.stone@sakilacustomer.org","veronica","stone","sakilacustomer.org"
"Jill","Hawkins","jill.hawkins@sakilacustomer.org","jill","hawkins","sakilacustomer.org"
"Erin","Dunn","erin.dunn@sakilacustomer.org","erin","dunn","sakilacustomer.org"
"Geraldine","Perkins","geraldine.perkins@sakilacustomer.org","geraldine","perkins","sakilacustomer.org"
"Lauren","Hudson","lauren.hudson@sakilacustomer.org","lauren","hudson","sakilacustomer.org"
"Cathy","Spencer","cathy.spencer@sakilacustomer.org","cathy","spencer","sakilacustomer.org"
"Joann","Gardner","joann.gardner@sakilacustomer.org","joann","gardner","sakilacustomer.org"
"Lorraine","Stephens","lorraine.stephens@sakilacustomer.org","lorraine","stephens","sakilacustomer.org"
"Lynn","Payne","lynn.payne@sakilacustomer.org","lynn","payne","sakilacustomer.org"
"Sally","Pierce","sally.pierce@sakilacustomer.org","sally","pierce","sakilacustomer.org"
"Regina","Berry","regina.berry@sakilacustomer.org","regina","berry","sakilacustomer.org"
"Erica","Matthews","erica.matthews@sakilacustomer.org","erica","matthews","sakilacustomer.org"
"Beatrice","Arnold","beatrice.arnold@sakilacustomer.org","beatrice","arnold","sakilacustomer.org"
"Dolores","Wagner","dolores.wagner@sakilacustomer.org","dolores","wagner","sakilacustomer.org"
"Bernice","Willis","bernice.willis@sakilacustomer.org","bernice","willis","sakilacustomer.org"
"Audrey","Ray","audrey.ray@sakilacustomer.org","audrey","ray","sakilacustomer.org"
"Yvonne","Watkins","yvonne.watkins@sakilacustomer.org","yvonne","watkins","sakilacustomer.org"
"Annette","Olson","annette.olson@sakilacustomer.org","annette","olson","sakilacustomer.org"
"June","Carroll","june.carroll@sakilacustomer.org","june","carroll","sakilacustomer.org"
"Samantha","Duncan","samantha.duncan@sakilacustomer.org","samantha","duncan","sakilacustomer.org"
"Marion","Snyder","marion.snyder@sakilacustomer.org","marion","snyder","sakilacustomer.org"
"Dana","Hart","dana.hart@sakilacustomer.org","dana","hart","sakilacustomer.org"
"Stacy","Cunningham","stacy.cunningham@sakilacustomer.org","stacy","cunningham","sakilacustomer.org"
"Ana","Bradley","ana.bradley@sakilacustomer.org","ana","bradley","sakilacustomer.org"
"Renee","Lane","renee.lane@sakilacustomer.org","renee","lane","sakilacustomer.org"
"Ida","Andrews","ida.andrews@sakilacustomer.org","ida","andrews","sakilacustomer.org"
"Vivian","Ruiz","vivian.ruiz@sakilacustomer.org","vivian","ruiz","sakilacustomer.org"
"Roberta","Harper","roberta.harper@sakilacustomer.org","roberta","harper","sakilacustomer.org"
"Holly","Fox","holly.fox@sakilacustomer.org","holly","fox","sakilacustomer.org"
"Brittany","Riley","brittany.riley@sakilacustomer.org","brittany","riley","sakilacustomer.org"
"Melanie","Armstrong","melanie.armstrong@sakilacustomer.org","melanie","armstrong","sakilacustomer.org"
"Loretta","Carpenter","loretta.carpenter@sakilacustomer.org","loretta","carpenter","sakilacustomer.org"
"Yolanda","Weaver","yolanda.weaver@sakilacustomer.org","yolanda","weaver","sakilacustomer.org"
"Jeanette","Greene","jeanette.greene@sakilacustomer.org","jeanette","greene","sakilacustomer.org"
"Laurie","Lawrence","laurie.lawrence@sakilacustomer.org","laurie","lawrence","sakilacustomer.org"
"Katie","Elliott","katie.elliott@sakilacustomer.org","katie","elliott","sakilacustomer.org"
"Kristen","Chavez","kristen.chavez@sakilacustomer.org","kristen","chavez","sakilacustomer.org"
"Vanessa","Sims","vanessa.sims@sakilacustomer.org","vanessa","sims","sakilacustomer.org"
"Alma","Austin","alma.austin@sakilacustomer.org","alma","austin","sakilacustomer.org"
"Sue","Peters","sue.peters@sakilacustomer.org","sue","peters","sakilacustomer.org"
"Elsie","Kelley","elsie.kelley@sakilacustomer.org","elsie","kelley","sakilacustomer.org"
"Beth","Franklin","beth.franklin@sakilacustomer.org","beth","franklin","sakilacustomer.org"
"Jeanne","Lawson","jeanne.lawson@sakilacustomer.org","jeanne","lawson","sakilacustomer.org"
"Vicki","Fields","vicki.fields@sakilacustomer.org","vicki","fields","sakilacustomer.org"
"Carla","Gutierrez","carla.gutierrez@sakilacustomer.org","carla","gutierrez","sakilacustomer.org"
"Tara","Ryan","tara.ryan@sakilacustomer.org","tara","ryan","sakilacustomer.org"
"Rosemary","Schmidt","rosemary.schmidt@sakilacustomer.org","rosemary","schmidt","sakilacustomer.org"
"Eileen","Carr","eileen.carr@sakilacustomer.org","eileen","carr","sakilacustomer.org"
"Terri","Vasquez","terri.vasquez@sakilacustomer.org","terri","vasquez","sakilacustomer.org"
"Gertrude","Castillo","gertrude.castillo@sakilacustomer.org","gertrude","castillo","sakilacustomer.org"
"Lucy","Wheeler","lucy.wheeler@sakilacustomer.org","lucy","wheeler","sakilacustomer.org"
"Tonya","Chapman","tonya.chapman@sakilacustomer.org","tonya","chapman","sakilacustomer.org"
"Ella","Oliver","ella.oliver@sakilacustomer.org","ella","oliver","sakilacustomer.org"
"Stacey","Montgomery","stacey.montgomery@sakilacustomer.org","stacey","montgomery","sakilacustomer.org"
"Wilma","Richards","wilma.richards@sakilacustomer.org","wilma","richards","sakilacustomer.org"
"Gina","Williamson","gina.williamson@sakilacustomer.org","gina","williamson","sakilacustomer.org"
"Kristin","Johnston","kristin.johnston@sakilacustomer.org","kristin","johnston","sakilacustomer.org"
"Jessie","Banks","jessie.banks@sakilacustomer.org","jessie","banks","sakilacustomer.org"
"Natalie","Meyer","natalie.meyer@sakilacustomer.org","natalie","meyer","sakilacustomer.org"
"Agnes","Bishop","agnes.bishop@sakilacustomer.org","agnes","bishop","sakilacustomer.org"
"Vera","Mccoy","vera.mccoy@sakilacustomer.org","vera","mccoy","sakilacustomer.org"
"Willie","Howell","willie.howell@sakilacustomer.org","willie","howell","sakilacustomer.org"
"Charlene","Alvarez","charlene.alvarez@sakilacustomer.org","charlene","alvarez","sakilacustomer.org"
"Bessie","Morrison","bessie.morrison@sakilacustomer.org","bessie","morrison","sakilacustomer.org"
"Delores","Hansen","delores.hansen@sakilacustomer.org","delores","hansen","sakilacustomer.org"
"Melinda","Fernandez","melinda.fernandez@sakilacustomer.org","melinda","fernandez","sakilacustomer.org"
"Pearl","Garza","pearl.garza@sakilacustomer.org","pearl","garza","sakilacustomer.org"
"Arlene","Harvey","arlene.harvey@sakilacustomer.org","arlene","harvey","sakilacustomer.org"
"Maureen","Little","maureen.little@sakilacustomer.org","maureen","little","sakilacustomer.org"
"Colleen","Burton","colleen.burton@sakilacustomer.org","colleen","burton","sakilacustomer.org"
"Allison","Stanley","allison.stanley@sakilacustomer.org","allison","stanley","sakilacustomer.org"
"Tamara","Nguyen","tamara.nguyen@sakilacustomer.org","tamara","nguyen","sakilacustomer.org"
"Joy","George","joy.george@sakilacustomer.org","joy","george","sakilacustomer.org"
"Georgia","Jacobs","georgia.jacobs@sakilacustomer.org","georgia","jacobs","sakilacustomer.org"
"Constance","Reid","constance.reid@sakilacustomer.org","constance","reid","sakilacustomer.org"
"Lillie","Kim","lillie.kim@sakilacustomer.org","lillie","kim","sakilacustomer.org"
"Claudia","Fuller","claudia.fuller@sakilacustomer.org","claudia","fuller","sakilacustomer.org"
"Jackie","Lynch","jackie.lynch@sakilacustomer.org","jackie","lynch","sakilacustomer.org"
"Marcia","Dean","marcia.dean@sakilacustomer.org","marcia","dean","sakilacustomer.org"
"Tanya","Gilbert","tanya.gilbert@sakilacustomer.org","tanya","gilbert","sakilacustomer.org"
"Nellie","Garrett","nellie.garrett@sakilacustomer.org","nellie","garrett","sakilacustomer.org"
"Minnie","Romero","minnie.romero@sakilacustomer.org","minnie","romero","sakilacustomer.org"
"Marlene","Welch","marlene.welch@sakilacustomer.org","marlene","welch","sakilacustomer.org"
"Heidi","Larson","heidi.larson@sakilacustomer.org","heidi","larson","sakilacustomer.org"
"Glenda","Frazier","glenda.frazier@sakilacustomer.org","glenda","frazier","sakilacustomer.org"
"Lydia","Burke","lydia.burke@sakilacustomer.org","lydia","burke","sakilacustomer.org"
"Viola","Hanson","viola.hanson@sakilacustomer.org","viola","hanson","sakilacustomer.org"
"Courtney","Day","courtney.day@sakilacustomer.org","courtney","day","sakilacustomer.org"
"Marian","Mendoza","marian.mendoza@sakilacustomer.org","marian","mendoza","sakilacustomer.org"
"Stella","Moreno","stella.moreno@sakilacustomer.org","stella","moreno","sakilacustomer.org"
"Caroline","Bowman","caroline.bowman@sakilacustomer.org","caroline","bowman","sakilacustomer.org"
"Dora","Medina","dora.medina@sakilacustomer.org","dora","medina","sakilacustomer.org"
"Jo","Fowler","jo.fowler@sakilacustomer.org","jo","fowler","sakilacustomer.org"
"Vickie","Brewer","vickie.brewer@sakilacustomer.org","vickie","brewer","sakilacustomer.org"
"Mattie","Hoffman","mattie.hoffman@sakilacustomer.org","mattie","hoffman","sakilacustomer.org"
"Terry","Carlson","terry.carlson@sakilacustomer.org","terry","carlson","sakilacustomer.org"
"Maxine","Silva","maxine.silva@sakilacustomer.org","maxine","silva","sakilacustomer.org"
"Irma","Pearson","irma.pearson@sakilacustomer.org","irma","pearson","sakilacustomer.org"
"Mabel","Holland","mabel.holland@sakilacustomer.org","mabel","holland","sakilacustomer.org"
"Marsha","Douglas","marsha.douglas@sakilacustomer.org","marsha","douglas","sakilacustomer.org"
"Myrtle","Fleming","myrtle.fleming@sakilacustomer.org","myrtle","fleming","sakilacustomer.org"
"Lena","Jensen","lena.jensen@sakilacustomer.org","lena","jensen","sakilacustomer.org"
"Christy","Vargas","christy.vargas@sakilacustomer.org","christy","vargas","sakilacustomer.org"
"Deanna","Byrd","deanna.byrd@sakilacustomer.org","deanna","byrd","sakilacustomer.org"
"Patsy","Davidson","patsy.davidson@sakilacustomer.org","patsy","davidson","sakilacustomer.org"
"Hilda","Hopkins","hilda.hopkins@sakilacustomer.org","hilda","hopkins","sakilacustomer.org"
"Gwendolyn","May","gwendolyn.may@sakilacustomer.org","gwendolyn","may","sakilacustomer.org"
"Jennie","Terry","jennie.terry@sakilacustomer.org","jennie","terry","sakilacustomer.org"
"Nora","Herrera","nora.herrera@sakilacustomer.org","nora","herrera","sakilacustomer.org"
"Margie","Wade","margie.wade@sakilacustomer.org","margie","wade","sakilacustomer.org"
"Nina","Soto","nina.soto@sakilacustomer.org","nina","soto","sakilacustomer.org"
"Cassandra","Walters","cassandra.walters@sakilacustomer.org","cassandra","walters","sakilacustomer.org"
"Leah","Curtis","leah.curtis@sakilacustomer.org","leah","curtis","sakilacustomer.org"
"Penny","Neal","penny.neal@sakilacustomer.org","penny","neal","sakilacustomer.org"
"Kay","Caldwell","kay.caldwell@sakilacustomer.org","kay","caldwell","sakilacustomer.org"
"Priscilla","Lowe","priscilla.lowe@sakilacustomer.org","priscilla","lowe","sakilacustomer.org"
"Naomi","Jennings","naomi.jennings@sakilacustomer.org","naomi","jennings","sakilacustomer.org"
"Carole","Barnett","carole.barnett@sakilacustomer.org","carole","barnett","sakilacustomer.org"
"Brandy","Graves","brandy.graves@sakilacustomer.org","brandy","graves","sakilacustomer.org"
"Olga","Jimenez","olga.jimenez@sakilacustomer.org","olga","jimenez","sakilacustomer.org"
"Billie","Horton","billie.horton@sakilacustomer.org","billie","horton","sakilacustomer.org"
"Dianne","Shelton","dianne.shelton@sakilacustomer.org","dianne","shelton","sakilacustomer.org"
"Tracey","Barrett","tracey.barrett@sakilacustomer.org","tracey","barrett","sakilacustomer.org"
"Leona","Obrien","leona.obrien@sakilacustomer.org","leona","obrien","sakilacustomer.org"
"Jenny","Castro","jenny.castro@sakilacustomer.org","jenny","castro","sakilacustomer.org"
"Felicia","Sutton","felicia.sutton@sakilacustomer.org","felicia","sutton","sakilacustomer.org"
"Sonia","Gregory","sonia.gregory@sakilacustomer.org","sonia","gregory","sakilacustomer.org"
"Miriam","Mckinney","miriam.mckinney@sakilacustomer.org","miriam","mckinney","sakilacustomer.org"
"Velma","Lucas","velma.lucas@sakilacustomer.org","velma","lucas","sakilacustomer.org"
"Becky","Miles","becky.miles@sakilacustomer.org","becky","miles","sakilacustomer.org"
"Bobbie","Craig","bobbie.craig@sakilacustomer.org","bobbie","craig","sakilacustomer.org"
"Violet","Rodriquez","violet.rodriquez@sakilacustomer.org","violet","rodriquez","sakilacustomer.org"
"Kristina","Chambers","kristina.chambers@sakilacustomer.org","kristina","chambers","sakilacustomer.org"
"Toni","Holt","toni.holt@sakilacustomer.org","toni","holt","sakilacustomer.org"
"Misty","Lambert","misty.lambert@sakilacustomer.org","misty","lambert","sakilacustomer.org"
"Mae","Fletcher","mae.fletcher@sakilacustomer.org","mae","fletcher","sakilacustomer.org"
"Shelly","Watts","shelly.watts@sakilacustomer.org","shelly","watts","sakilacustomer.org"
"Daisy","Bates","daisy.bates@sakilacustomer.org","daisy","bates","sakilacustomer.org"
"Ramona","Hale","ramona.hale@sakilacustomer.org","ramona","hale","sakilacustomer.org"
"Sherri","Rhodes","sherri.rhodes@sakilacustomer.org","sherri","rhodes","sakilacustomer.org"
"Erika","Pena","erika.pena@sakilacustomer.org","erika","pena","sakilacustomer.org"
"James","Gannon","james.gannon@sakilacustomer.org","james","gannon","sakilacustomer.org"
"John","Farnsworth","john.farnsworth@sakilacustomer.org","john","farnsworth","sakilacustomer.org"
"Robert","Baughman","robert.baughman@sakilacustomer.org","robert","baughman","sakilacustomer.org"
"Michael","Silverman","michael.silverman@sakilacustomer.org","michael","silverman","sakilacustomer.org"
"William","Satterfield","william.satterfield@sakilacustomer.org","william","satterfield","sakilacustomer.org"
"David","Royal","david.royal@sakilacustomer.org","david","royal","sakilacustomer.org"
"Richard","Mccrary","richard.mccrary@sakilacustomer.org","richard","mccrary","sakilacustomer.org"
"Charles","Kowalski","charles.kowalski@sakilacustomer.org","charles","kowalski","sakilacustomer.org"
"Joseph","Joy","joseph.joy@sakilacustomer.org","joseph","joy","sakilacustomer.org"
"Thomas","Grigsby","thomas.grigsby@sakilacustomer.org","thomas","grigsby","sakilacustomer.org"
"Christopher","Greco","christopher.greco@sakilacustomer.org","christopher","greco","sakilacustomer.org"
"Daniel","Cabral","daniel.cabral@sakilacustomer.org","daniel","cabral","sakilacustomer.org"
"Paul","Trout","paul.trout@sakilacustomer.org","paul","trout","sakilacustomer.org"
"Mark","Rinehart","mark.rinehart@sakilacustomer.org","mark","rinehart","sakilacustomer.org"
"Donald","Mahon","donald.mahon@sakilacustomer.org","donald","mahon","sakilacustomer.org"
"George","Linton","george.linton@sakilacustomer.org","george","linton","sakilacustomer.org"
"Kenneth","Gooden","kenneth.gooden@sakilacustomer.org","kenneth","gooden","sakilacustomer.org"
"Steven","Curley","steven.curley@sakilacustomer.org","steven","curley","sakilacustomer.org"
"Edward","Baugh","edward.baugh@sakilacustomer.org","edward","baugh","sakilacustomer.org"
"Brian","Wyman","brian.wyman@sakilacustomer.org","brian","wyman","sakilacustomer.org"
"Ronald","Weiner","ronald.weiner@sakilacustomer.org","ronald","weiner","sakilacustomer.org"
"Anthony","Schwab","anthony.schwab@sakilacustomer.org","anthony","schwab","sakilacustomer.org"
"Kevin","Schuler","kevin.schuler@sakilacustomer.org","kevin","schuler","sakilacustomer.org"
"Jason","Morrissey","jason.morrissey@sakilacustomer.org","jason","morrissey","sakilacustomer.org"
"Matthew","Mahan","matthew.mahan@sakilacustomer.org","matthew","mahan","sakilacustomer.org"
"Gary","Coy","gary.coy@sakilacustomer.org","gary","coy","sakilacustomer.org"
"Timothy","Bunn","timothy.bunn@sakilacustomer.org","timothy","bunn","sakilacustomer.org"
"Jose","Andrew","jose.andrew@sakilacustomer.org","jose","andrew","sakilacustomer.org"
"Larry","Thrasher","larry.thrasher@sakilacustomer.org","larry","thrasher","sakilacustomer.org"
"Jeffrey","Spear","jeffrey.spear@sakilacustomer.org","jeffrey","spear","sakilacustomer.org"
"Frank","Waggoner","frank.waggoner@sakilacustomer.org","frank","waggoner","sakilacustomer.org"
"Scott","Shelley","scott.shelley@sakilacustomer.org","scott","shelley","sakilacustomer.org"
"Eric","Robert","eric.robert@sakilacustomer.org","eric","robert","sakilacustomer.org"
"Stephen","Qualls","stephen.qualls@sakilacustomer.org","stephen","qualls","sakilacustomer.org"
"Andrew","Purdy","andrew.purdy@sakilacustomer.org","andrew","purdy","sakilacustomer.org"
"Raymond","Mcwhorter","raymond.mcwhorter@sakilacustomer.org","raymond","mcwhorter","sakilacustomer.org"
"Gregory","Mauldin","gregory.mauldin@sakilacustomer.org","gregory","mauldin","sakilacustomer.org"
"Joshua","Mark","joshua.mark@sakilacustomer.org","joshua","mark","sakilacustomer.org"
"Jerry","Jordon","jerry.jordon@sakilacustomer.org","jerry","jordon","sakilacustomer.org"
"Dennis","Gilman","dennis.gilman@sakilacustomer.org","dennis","gilman","sakilacustomer.org"
"Walter","Perryman","walter.perryman@sakilacustomer.org","walter","perryman","sakilacustomer.org"
"Patrick","Newsom","patrick.newsom@sakilacustomer.org","patrick","newsom","sakilacustomer.org"
"Peter","Menard","peter.menard@sakilacustomer.org","peter","menard","sakilacustomer.org"
"Harold","Martino","harold.martino@sakilacustomer.org","harold","martino","sakilacustomer.org"
"Douglas","Graf","douglas.graf@sakilacustomer.org","douglas","graf","sakilacustomer.org"
"Henry","Billingsley","henry.billingsley@sakilacustomer.org","henry","billingsley","sakilacustomer.org"
"Carl","Artis","carl.artis@sakilacustomer.org","carl","artis","sakilacustomer.org"
"Arthur","Simpkins","arthur.simpkins@sakilacustomer.org","arthur","simpkins","sakilacustomer.org"
"Ryan","Salisbury","ryan.salisbury@sakilacustomer.org","ryan","salisbury","sakilacustomer.org"
"Roger","Quintanilla","roger.quintanilla@sakilacustomer.org","roger","quintanilla","sakilacustomer.org"
"Joe","Gilliland","joe.gilliland@sakilacustomer.org","joe","gilliland","sakilacustomer.org"
"Juan","Fraley","juan.fraley@sakilacustomer.org","juan","fraley","sakilacustomer.org"
"Jack","Foust","jack.foust@sakilacustomer.org","jack","foust","sakilacustomer.org"
"Albert","Crouse","albert.crouse@sakilacustomer.org","albert","crouse","sakilacustomer.org"
"Jonathan","Scarborough","jonathan.scarborough@sakilacustomer.org","jonathan","scarborough","sakilacustomer.org"
"Justin","Ngo","justin.ngo@sakilacustomer.org","justin","ngo","sakilacustomer.org"
"Terry","Grissom","terry.grissom@sakilacustomer.org","terry","grissom","sakilacustomer.org"
"Gerald","Fultz","gerald.fultz@sakilacustomer.org","gerald","fultz","sakilacustomer.org"
"Keith","Rico","keith.rico@sakilacustomer.org","keith","rico","sakilacustomer.org"
"Samuel","Marlow","samuel.marlow@sakilacustomer.org","samuel","marlow","sakilacustomer.org"
"Willie","Markham","willie.markham@sakilacustomer.org","willie","markham","sakilacustomer.org"
"Ralph","Madrigal","ralph.madrigal@sakilacustomer.org","ralph","madrigal","sakilacustomer.org"
"Lawrence","Lawton","lawrence.lawton@sakilacustomer.org","lawrence","lawton","sakilacustomer.org"
"Nicholas","Barfield","nicholas.barfield@sakilacustomer.org","nicholas","barfield","sakilacustomer.org"
"Roy","Whiting","roy.whiting@sakilacustomer.org","roy","whiting","sakilacustomer.org"
"Benjamin","Varney","benjamin.varney@sakilacustomer.org","benjamin","varney","sakilacustomer.org"
"Bruce","Schwarz","bruce.schwarz@sakilacustomer.org","bruce","schwarz","sakilacustomer.org"
"Brandon","Huey","brandon.huey@sakilacustomer.org","brandon","huey","sakilacustomer.org"
"Adam","Gooch","adam.gooch@sakilacustomer.org","adam","gooch","sakilacustomer.org"
"Harry","Arce","harry.arce@sakilacustomer.org","harry","arce","sakilacustomer.org"
"Fred","Wheat","fred.wheat@sakilacustomer.org","fred","wheat","sakilacustomer.org"
"Wayne","Truong","wayne.truong@sakilacustomer.org","wayne","truong","sakilacustomer.org"
"Billy","Poulin","billy.poulin@sakilacustomer.org","billy","poulin","sakilacustomer.org"
"Steve","Mackenzie","steve.mackenzie@sakilacustomer.org","steve","mackenzie","sakilacustomer.org"
"Louis","Leone","louis.leone@sakilacustomer.org","louis","leone","sakilacustomer.org"
"Jeremy","Hurtado","jeremy.hurtado@sakilacustomer.org","jeremy","hurtado","sakilacustomer.org"
"Aaron","Selby","aaron.selby@sakilacustomer.org","aaron","selby","sakilacustomer.org"
"Randy","Gaither","randy.gaither@sakilacustomer.org","randy","gaither","sakilacustomer.org"
"Howard","Fortner","howard.fortner@sakilacustomer.org","howard","fortner","sakilacustomer.org"
"Eugene","Culpepper","eugene.culpepper@sakilacustomer.org","eugene","culpepper","sakilacustomer.org"
"Carlos","Coughlin","carlos.coughlin@sakilacustomer.org","carlos","coughlin","sakilacustomer.org"
"Russell","Brinson","russell.brinson@sakilacustomer.org","russell","brinson","sakilacustomer.org"
"Bobby","Boudreau","bobby.boudreau@sakilacustomer.org","bobby","boudreau","sakilacustomer.org"
"Victor","Barkley","victor.barkley@sakilacustomer.org","victor","barkley","sakilacustomer.org"
"Martin","Bales","martin.bales@sakilacustomer.org","martin","bales","sakilacustomer.org"
"Ernest","Stepp","ernest.stepp@sakilacustomer.org","ernest","stepp","sakilacustomer.org"
"Phillip","Holm","phillip.holm@sakilacustomer.org","phillip","holm","sakilacustomer.org"
"Todd","Tan","todd.tan@sakilacustomer.org","todd","tan","sakilacustomer.org"
"Jesse","Schilling","jesse.schilling@sakilacustomer.org","jesse","schilling","sakilacustomer.org"
"Craig","Morrell","craig.morrell@sakilacustomer.org","craig","morrell","sakilacustomer.org"
"Alan","Kahn","alan.kahn@sakilacustomer.org","alan","kahn","sakilacustomer.org"
"Shawn","Heaton","shawn.heaton@sakilacustomer.org","shawn","heaton","sakilacustomer.org"
"Clarence","Gamez","clarence.gamez@sakilacustomer.org","clarence","gamez","sakilacustomer.org"
"Sean","Douglass","sean.douglass@sakilacustomer.org","sean","douglass","sakilacustomer.org"
"Philip","Causey","philip.causey@sakilacustomer.org","philip","causey","sakilacustomer.org"
"Chris","Brothers","chris.brothers@sakilacustomer.org","chris","brothers","sakilacustomer.org"
"Johnny","Turpin","johnny.turpin@sakilacustomer.org","johnny","turpin","sakilacustomer.org"
"Earl","Shanks","earl.shanks@sakilacustomer.org","earl","shanks","sakilacustomer.org"
"Jimmy","Schrader","jimmy.schrader@sakilacustomer.org","jimmy","schrader","sakilacustomer.org"
"Antonio","Meek","antonio.meek@sakilacustomer.org","antonio","meek","sakilacustomer.org"
"Danny","Isom","danny.isom@sakilacustomer.org","danny","isom","sakilacustomer.org"
"Bryan","Hardison","bryan.hardison@sakilacustomer.org","bryan","hardison","sakilacustomer.org"
"Tony","Carranza","tony.carranza@sakilacustomer.org","tony","carranza","sakilacustomer.org"
"Luis","Yanez","luis.yanez@sakilacustomer.org","luis","yanez","sakilacustomer.org"
"Mike","Way","mike.way@sakilacustomer.org","mike","way","sakilacustomer.org"
"Stanley","Scroggins","stanley.scroggins@sakilacustomer.org","stanley","scroggins","sakilacustomer.org"
"Leonard","Schofield","leonard.schofield@sakilacustomer.org","leonard","schofield","sakilacustomer.org"
"Nathan","Runyon","nathan.runyon@sakilacustomer.org","nathan","runyon","sakilacustomer.org"
"Dale","Ratcliff","dale.ratcliff@sakilacustomer.org","dale","ratcliff","sakilacustomer.org"
"Manuel","Murrell","manuel.murrell@sakilacustomer.org","manuel","murrell","sakilacustomer.org"
"Rodney","Moeller","rodney.moeller@sakilacustomer.org","rodney","moeller","sakilacustomer.org"
"Curtis","Irby","curtis.irby@sakilacustomer.org","curtis","irby","sakilacustomer.org"
"Norman","Currier","norman.currier@sakilacustomer.org","norman","currier","sakilacustomer.org"
"Allen","Butterfield","allen.butterfield@sakilacustomer.org","allen","butterfield","sakilacustomer.org"
"Marvin","Yee","marvin.yee@sakilacustomer.org","marvin","yee","sakilacustomer.org"
"Vincent","Ralston","vincent.ralston@sakilacustomer.org","vincent","ralston","sakilacustomer.org"
"Glenn","Pullen","glenn.pullen@sakilacustomer.org","glenn","pullen","sakilacustomer.org"
"Jeffery","Pinson","jeffery.pinson@sakilacustomer.org","jeffery","pinson","sakilacustomer.org"
"Travis","Estep","travis.estep@sakilacustomer.org","travis","estep","sakilacustomer.org"
"Jeff","East","jeff.east@sakilacustomer.org","jeff","east","sakilacustomer.org"
"Chad","Carbone","chad.carbone@sakilacustomer.org","chad","carbone","sakilacustomer.org"
"Jacob","Lance","jacob.lance@sakilacustomer.org","jacob","lance","sakilacustomer.org"
"Lee","Hawks","lee.hawks@sakilacustomer.org","lee","hawks","sakilacustomer.org"
"Melvin","Ellington","melvin.ellington@sakilacustomer.org","melvin","ellington","sakilacustomer.org"
"Alfred","Casillas","alfred.casillas@sakilacustomer.org","alfred","casillas","sakilacustomer.org"
"Kyle","Spurlock","kyle.spurlock@sakilacustomer.org","kyle","spurlock","sakilacustomer.org"
"Francis","Sikes","francis.sikes@sakilacustomer.org","francis","sikes","sakilacustomer.org"
"Bradley","Motley","bradley.motley@sakilacustomer.org","bradley","motley","sakilacustomer.org"
"Jesus","Mccartney","jesus.mccartney@sakilacustomer.org","jesus","mccartney","sakilacustomer.org"
"Herbert","Kruger","herbert.kruger@sakilacustomer.org","herbert","kruger","sakilacustomer.org"
"Frederick","Isbell","frederick.isbell@sakilacustomer.org","frederick","isbell","sakilacustomer.org"
"Ray","Houle","ray.houle@sakilacustomer.org","ray","houle","sakilacustomer.org"
"Joel","Francisco","joel.francisco@sakilacustomer.org","joel","francisco","sakilacustomer.org"
"Edwin","Burk","edwin.burk@sakilacustomer.org","edwin","burk","sakilacustomer.org"
"Don","Bone","don.bone@sakilacustomer.org","don","bone","sakilacustomer.org"
"Eddie","Tomlin","eddie.tomlin@sakilacustomer.org","eddie","tomlin","sakilacustomer.org"
"Ricky","Shelby","ricky.shelby@sakilacustomer.org","ricky","shelby","sakilacustomer.org"
"Troy","Quigley","troy.quigley@sakilacustomer.org","troy","quigley","sakilacustomer.org"
"Randall","Neumann","randall.neumann@sakilacustomer.org","randall","neumann","sakilacustomer.org"
"Barry","Lovelace","barry.lovelace@sakilacustomer.org","barry","lovelace","sakilacustomer.org"
"Alexander","Fennell","alexander.fennell@sakilacustomer.org","alexander","fennell","sakilacustomer.org"
"Bernard","Colby","bernard.colby@sakilacustomer.org","bernard","colby","sakilacustomer.org"
"Mario","Cheatham","mario.cheatham@sakilacustomer.org","mario","cheatham","sakilacustomer.org"
"Leroy","Bustamante","leroy.bustamante@sakilacustomer.org","leroy","bustamante","sakilacustomer.org"
"Francisco","Skidmore","francisco.skidmore@sakilacustomer.org","francisco","skidmore","sakilacustomer.org"
"Marcus","Hidalgo","marcus.hidalgo@sakilacustomer.org","marcus","hidalgo","sakilacustomer.org"
"Micheal","Forman","micheal.forman@sakilacustomer.org","micheal","forman","sakilacustomer.org"
"Theodore","Culp","theodore.culp@sakilacustomer.org","theodore","culp","sakilacustomer.org"
"Clifford","Bowens","clifford.bowens@sakilacustomer.org","clifford","bowens","sakilacustomer.org"
"Miguel","Betancourt","miguel.betancourt@sakilacustomer.org","miguel","betancourt","sakilacustomer.org"
"Oscar","Aquino","oscar.aquino@sakilacustomer.org","oscar","aquino","sakilacustomer.org"
"Jay","Robb","jay.robb@sakilacustomer.org","jay","robb","sakilacustomer.org"
"Jim","Rea","jim.rea@sakilacustomer.org","jim","rea","sakilacustomer.org"
"Tom","Milner","tom.milner@sakilacustomer.org","tom","milner","sakilacustomer.org"
"Calvin","Martel","calvin.martel@sakilacustomer.org","calvin","martel","sakilacustomer.org"
"Alex","Gresham","alex.gresham@sakilacustomer.org","alex","gresham","sakilacustomer.org"
"Jon","Wiles","jon.wiles@sakilacustomer.org","jon","wiles","sakilacustomer.org"
"Ronnie","Ricketts","ronnie.ricketts@sakilacustomer.org","ronnie","ricketts","sakilacustomer.org"
"Bill","Gavin","bill.gavin@sakilacustomer.org","bill","gavin","sakilacustomer.org"
"Lloyd","Dowd","lloyd.dowd@sakilacustomer.org","lloyd","dowd","sakilacustomer.org"
"Tommy","Collazo","tommy.collazo@sakilacustomer.org","tommy","collazo","sakilacustomer.org"
"Leon","Bostic","leon.bostic@sakilacustomer.org","leon","bostic","sakilacustomer.org"
"Derek","Blakely","derek.blakely@sakilacustomer.org","derek","blakely","sakilacustomer.org"
"Warren","Sherrod","warren.sherrod@sakilacustomer.org","warren","sherrod","sakilacustomer.org"
"Darrell","Power","darrell.power@sakilacustomer.org","darrell","power","sakilacustomer.org"
"Jerome","Kenyon","jerome.kenyon@sakilacustomer.org","jerome","kenyon","sakilacustomer.org"
"Floyd","Gandy","floyd.gandy@sakilacustomer.org","floyd","gandy","sakilacustomer.org"
"Leo","Ebert","leo.ebert@sakilacustomer.org","leo","ebert","sakilacustomer.org"
"Alvin","Deloach","alvin.deloach@sakilacustomer.org","alvin","deloach","sakilacustomer.org"
"Tim","Cary","tim.cary@sakilacustomer.org","tim","cary","sakilacustomer.org"
"Wesley","Bull","wesley.bull@sakilacustomer.org","wesley","bull","sakilacustomer.org"
"Gordon","Allard","gordon.allard@sakilacustomer.org","gordon","allard","sakilacustomer.org"
"Dean","Sauer","dean.sauer@sakilacustomer.org","dean","sauer","sakilacustomer.org"
"Greg","Robins","greg.robins@sakilacustomer.org","greg","robins","sakilacustomer.org"
"Jorge","Olivares","jorge.olivares@sakilacustomer.org","jorge","olivares","sakilacustomer.org"
"Dustin","Gillette","dustin.gillette@sakilacustomer.org","dustin","gillette","sakilacustomer.org"
"Pedro","Chestnut","pedro.chestnut@sakilacustomer.org","pedro","chestnut","sakilacustomer.org"
"Derrick","Bourque","derrick.bourque@sakilacustomer.org","derrick","bourque","sakilacustomer.org"
"Dan","Paine","dan.paine@sakilacustomer.org","dan","paine","sakilacustomer.org"
"Lewis","Lyman","lewis.lyman@sakilacustomer.org","lewis","lyman","sakilacustomer.org"
"Zachary","Hite","zachary.hite@sakilacustomer.org","zachary","hite","sakilacustomer.org"
"Corey","Hauser","corey.hauser@sakilacustomer.org","corey","hauser","sakilacustomer.org"
"Herman","Devore","herman.devore@sakilacustomer.org","herman","devore","sakilacustomer.org"
"Maurice","Crawley","maurice.crawley@sakilacustomer.org","maurice","crawley","sakilacustomer.org"
"Vernon","Chapa","vernon.chapa@sakilacustomer.org","vernon","chapa","sakilacustomer.org"
"Roberto","Vu","roberto.vu@sakilacustomer.org","roberto","vu","sakilacustomer.org"
"Clyde","Tobias","clyde.tobias@sakilacustomer.org","clyde","tobias","sakilacustomer.org"
"Glen","Talbert","glen.talbert@sakilacustomer.org","glen","talbert","sakilacustomer.org"
"Hector","Poindexter","hector.poindexter@sakilacustomer.org","hector","poindexter","sakilacustomer.org"
"Shane","Millard","shane.millard@sakilacustomer.org","shane","millard","sakilacustomer.org"
"Ricardo","Meador","ricardo.meador@sakilacustomer.org","ricardo","meador","sakilacustomer.org"
"Sam","Mcduffie","sam.mcduffie@sakilacustomer.org","sam","mcduffie","sakilacustomer.org"
"Rick","Mattox","rick.mattox@sakilacustomer.org","rick","mattox","sakilacustomer.org"
"Lester","Kraus","lester.kraus@sakilacustomer.org","lester","kraus","sakilacustomer.org"
"Brent","Harkins","brent.harkins@sakilacustomer.org","brent","harkins","sakilacustomer.org"
"Ramon","Choate","ramon.choate@sakilacustomer.org","ramon","choate","sakilacustomer.org"
"Charlie","Bess","charlie.bess@sakilacustomer.org","charlie","bess","sakilacustomer.org"
"Tyler","Wren","tyler.wren@sakilacustomer.org","tyler","wren","sakilacustomer.org"
"Gilbert","Sledge","gilbert.sledge@sakilacustomer.org","gilbert","sledge","sakilacustomer.org"
"Gene","Sanborn","gene.sanborn@sakilacustomer.org","gene","sanborn","sakilacustomer.org"
"Marc","Outlaw","marc.outlaw@sakilacustomer.org","marc","outlaw","sakilacustomer.org"
"Reginald","Kinder","reginald.kinder@sakilacustomer.org","reginald","kinder","sakilacustomer.org"
"Ruben","Geary","ruben.geary@sakilacustomer.org","ruben","geary","sakilacustomer.org"
"Brett","Cornwell","brett.cornwell@sakilacustomer.org","brett","cornwell","sakilacustomer.org"
"Angel","Barclay","angel.barclay@sakilacustomer.org","angel","barclay","sakilacustomer.org"
"Nathaniel","Adam","nathaniel.adam@sakilacustomer.org","nathaniel","adam","sakilacustomer.org"
"Rafael","Abney","rafael.abney@sakilacustomer.org","rafael","abney","sakilacustomer.org"
"Leslie","Seward","leslie.seward@sakilacustomer.org","leslie","seward","sakilacustomer.org"
"Edgar","Rhoads","edgar.rhoads@sakilacustomer.org","edgar","rhoads","sakilacustomer.org"
"Milton","Howland","milton.howland@sakilacustomer.org","milton","howland","sakilacustomer.org"
"Raul","Fortier","raul.fortier@sakilacustomer.org","raul","fortier","sakilacustomer.org"
"Ben","Easter","ben.easter@sakilacustomer.org","ben","easter","sakilacustomer.org"
"Chester","Benner","chester.benner@sakilacustomer.org","chester","benner","sakilacustomer.org"
"Cecil","Vines","cecil.vines@sakilacustomer.org","cecil","vines","sakilacustomer.org"
"Duane","Tubbs","duane.tubbs@sakilacustomer.org","duane","tubbs","sakilacustomer.org"
"Franklin","Troutman","franklin.troutman@sakilacustomer.org","franklin","troutman","sakilacustomer.org"
"Andre","Rapp","andre.rapp@sakilacustomer.org","andre","rapp","sakilacustomer.org"
"Elmer","Noe","elmer.noe@sakilacustomer.org","elmer","noe","sakilacustomer.org"
"Brad","Mccurdy","brad.mccurdy@sakilacustomer.org","brad","mccurdy","sakilacustomer.org"
"Gabriel","Harder","gabriel.harder@sakilacustomer.org","gabriel","harder","sakilacustomer.org"
"Ron","Deluca","ron.deluca@sakilacustomer.org","ron","deluca","sakilacustomer.org"
"Mitchell","Westmoreland","mitchell.westmoreland@sakilacustomer.org","mitchell","westmoreland","sakilacustomer.org"
"Roland","South","roland.south@sakilacustomer.org","roland","south","sakilacustomer.org"
"Arnold","Havens","arnold.havens@sakilacustomer.org","arnold","havens","sakilacustomer.org"
"Harvey","Guajardo","harvey.guajardo@sakilacustomer.org","harvey","guajardo","sakilacustomer.org"
"Adrian","Clary","adrian.clary@sakilacustomer.org","adrian","clary","sakilacustomer.org"
"Karl","Seal","karl.seal@sakilacustomer.org","karl","seal","sakilacustomer.org"
"Cory","Meehan","cory.meehan@sakilacustomer.org","cory","meehan","sakilacustomer.org"
"Claude","Herzog","claude.herzog@sakilacustomer.org","claude","herzog","sakilacustomer.org"
"Erik","Guillen","erik.guillen@sakilacustomer.org","erik","guillen","sakilacustomer.org"
"Darryl","Ashcraft","darryl.ashcraft@sakilacustomer.org","darryl","ashcraft","sakilacustomer.org"
"Jamie","Waugh","jamie.waugh@sakilacustomer.org","jamie","waugh","sakilacustomer.org"
"Neil","Renner","neil.renner@sakilacustomer.org","neil","renner","sakilacustomer.org"
"Jessie","Milam","jessie.milam@sakilacustomer.org","jessie","milam","sakilacustomer.org"
"Christian","Jung","christian.jung@sakilacustomer.org","christian","jung","sakilacustomer.org"
"Javier","Elrod","javier.elrod@sakilacustomer.org","javier","elrod","sakilacustomer.org"
"Fernando","Churchill","fernando.churchill@sakilacustomer.org","fernando","churchill","sakilacustomer.org"
"Clinton","Buford","clinton.buford@sakilacustomer.org","clinton","buford","sakilacustomer.org"
"Ted","Breaux","ted.breaux@sakilacustomer.org","ted","breaux","sakilacustomer.org"
"Mathew","Bolin","mathew.bolin@sakilacustomer.org","mathew","bolin","sakilacustomer.org"
"Tyrone","Asher","tyrone.asher@sakilacustomer.org","tyrone","asher","sakilacustomer.org"
"Darren","Windham","darren.windham@sakilacustomer.org","darren","windham","sakilacustomer.org"
"Lonnie","Tirado","lonnie.tirado@sakilacustomer.org","lonnie","tirado","sakilacustomer.org"
"Lance","Pemberton","lance.pemberton@sakilacustomer.org","lance","pemberton","sakilacustomer.org"
"Cody","Nolen","cody.nolen@sakilacustomer.org","cody","nolen","sakilacustomer.org"
"Julio","Noland","julio.noland@sakilacustomer.org","julio","noland","sakilacustomer.org"
"Kelly","Knott","kelly.knott@sakilacustomer.org","kelly","knott","sakilacustomer.org"
"Kurt","Emmons","kurt.emmons@sakilacustomer.org","kurt","emmons","sakilacustomer.org"
"Allan","Cornish","allan.cornish@sakilacustomer.org","allan","cornish","sakilacustomer.org"
"Nelson","Christenson","nelson.christenson@sakilacustomer.org","nelson","christenson","sakilacustomer.org"
"Guy","Brownlee","guy.brownlee@sakilacustomer.org","guy","brownlee","sakilacustomer.org"
"Clayton","Barbee","clayton.barbee@sakilacustomer.org","clayton","barbee","sakilacustomer.org"
"Hugh","Waldrop","hugh.waldrop@sakilacustomer.org","hugh","waldrop","sakilacustomer.org"
"Max","Pitt","max.pitt@sakilacustomer.org","max","pitt","sakilacustomer.org"
"Dwayne","Olvera","dwayne.olvera@sakilacustomer.org","dwayne","olvera","sakilacustomer.org"
"Dwight","Lombardi","dwight.lombardi@sakilacustomer.org","dwight","lombardi","sakilacustomer.org"
"Armando","Gruber","armando.gruber@sakilacustomer.org","armando","gruber","sakilacustomer.org"
"Felix","Gaffney","felix.gaffney@sakilacustomer.org","felix","gaffney","sakilacustomer.org"
"Jimmie","Eggleston","jimmie.eggleston@sakilacustomer.org","jimmie","eggleston","sakilacustomer.org"
"Everett","Banda","everett.banda@sakilacustomer.org","everett","banda","sakilacustomer.org"
"Jordan","Archuleta","jordan.archuleta@sakilacustomer.org","jordan","archuleta","sakilacustomer.org"
"Ian","Still","ian.still@sakilacustomer.org","ian","still","sakilacustomer.org"
"Wallace","Slone","wallace.slone@sakilacustomer.org","wallace","slone","sakilacustomer.org"
"Ken","Prewitt","ken.prewitt@sakilacustomer.org","ken","prewitt","sakilacustomer.org"
"Bob","Pfeiffer","bob.pfeiffer@sakilacustomer.org","bob","pfeiffer","sakilacustomer.org"
"Jaime","Nettles","jaime.nettles@sakilacustomer.org","jaime","nettles","sakilacustomer.org"
"Casey","Mena","casey.mena@sakilacustomer.org","casey","mena","sakilacustomer.org"
"Alfredo","Mcadams","alfredo.mcadams@sakilacustomer.org","alfredo","mcadams","sakilacustomer.org"
"Alberto","Henning","alberto.henning@sakilacustomer.org","alberto","henning","sakilacustomer.org"
"Dave","Gardiner","dave.gardiner@sakilacustomer.org","dave","gardiner","sakilacustomer.org"
"Ivan","Cromwell","ivan.cromwell@sakilacustomer.org","ivan","cromwell","sakilacustomer.org"
"Johnnie","Chisholm","johnnie.chisholm@sakilacustomer.org","johnnie","chisholm","sakilacustomer.org"
"Sidney","Burleson","sidney.burleson@sakilacustomer.org","sidney","burleson","sakilacustomer.org"
"Byron","Box","byron.box@sakilacustomer.org","byron","box","sakilacustomer.org"
"Julian","Vest","julian.vest@sakilacustomer.org","julian","vest","sakilacustomer.org"
"Isaac","Oglesby","isaac.oglesby@sakilacustomer.org","isaac","oglesby","sakilacustomer.org"
"Morris","Mccarter","morris.mccarter@sakilacustomer.org","morris","mccarter","sakilacustomer.org"
"Clifton","Malcolm","clifton.malcolm@sakilacustomer.org","clifton","malcolm","sakilacustomer.org"
"Willard","Lumpkin","willard.lumpkin@sakilacustomer.org","willard","lumpkin","sakilacustomer.org"
"Daryl","Larue","daryl.larue@sakilacustomer.org","daryl","larue","sakilacustomer.org"
"Ross","Grey","ross.grey@sakilacustomer.org","ross","grey","sakilacustomer.org"
"Virgil","Wofford","virgil.wofford@sakilacustomer.org","virgil","wofford","sakilacustomer.org"
"Andy","Vanhorn","andy.vanhorn@sakilacustomer.org","andy","vanhorn","sakilacustomer.org"
"Marshall","Thorn","marshall.thorn@sakilacustomer.org","marshall","thorn","sakilacustomer.org"
"Salvador","Teel","salvador.teel@sakilacustomer.org","salvador","teel","sakilacustomer.org"
"Perry","Swafford","perry.swafford@sakilacustomer.org","perry","swafford","sakilacustomer.org"
"Kirk","Stclair","kirk.stclair@sakilacustomer.org","kirk","stclair","sakilacustomer.org"
"Sergio","Stanfield","sergio.stanfield@sakilacustomer.org","sergio","stanfield","sakilacustomer.org"
"Marion","Ocampo","marion.ocampo@sakilacustomer.org","marion","ocampo","sakilacustomer.org"
"Tracy","Herrmann","tracy.herrmann@sakilacustomer.org","tracy","herrmann","sakilacustomer.org"
"Seth","Hannon","seth.hannon@sakilacustomer.org","seth","hannon","sakilacustomer.org"
"Kent","Arsenault","kent.arsenault@sakilacustomer.org","kent","arsenault","sakilacustomer.org"
"Terrance","Roush","terrance.roush@sakilacustomer.org","terrance","roush","sakilacustomer.org"
"Rene","Mcalister","rene.mcalister@sakilacustomer.org","rene","mcalister","sakilacustomer.org"
"Eduardo","Hiatt","eduardo.hiatt@sakilacustomer.org","eduardo","hiatt","sakilacustomer.org"
"Terrence","Gunderson","terrence.gunderson@sakilacustomer.org","terrence","gunderson","sakilacustomer.org"
"Enrique","Forsythe","enrique.forsythe@sakilacustomer.org","enrique","forsythe","sakilacustomer.org"
"Freddie","Duggan","freddie.duggan@sakilacustomer.org","freddie","duggan","sakilacustomer.org"
"Wade","Delvalle","wade.delvalle@sakilacustomer.org","wade","delvalle","sakilacustomer.org"
"Austin","Cintron","austin.cintron@sakilacustomer.org","austin","cintron","sakilacustomer.org"
